file_name	label
train_0000.txt	0
train_0001.txt	0
train_0002.txt	1
train_0003.txt	1
train_0004.txt	0
train_0005.txt	0
train_0006.txt	1
train_0007.txt	1
train_0008.txt	0
train_0009.txt	0
train_0010.txt	0
train_0011.txt	0
train_0012.txt	0
train_0013.txt	1
train_0014.txt	0
train_0015.txt	0
train_0016.txt	1
train_0017.txt	0
train_0018.txt	1
train_0019.txt	0
train_0020.txt	1
train_0021.txt	0
train_0022.txt	0
train_0023.txt	0
train_0024.txt	0
train_0025.txt	1
train_0026.txt	1
train_0027.txt	0
train_0028.txt	0
train_0029.txt	1
train_0030.txt	1
train_0031.txt	0
train_0032.txt	0
train_0033.txt	1
train_0034.txt	0
train_0035.txt	0
train_0036.txt	1
train_0037.txt	0
train_0038.txt	0
train_0039.txt	0
train_0040.txt	0
train_0041.txt	0
train_0042.txt	0
train_0043.txt	0
train_0044.txt	0
train_0045.txt	0
train_0046.txt	0
train_0047.txt	0
train_0048.txt	0
train_0049.txt	0
train_0050.txt	1
train_0051.txt	1
train_0052.txt	0
train_0053.txt	1
train_0054.txt	0
train_0055.txt	1
train_0056.txt	0
train_0057.txt	0
train_0058.txt	0
train_0059.txt	1
train_0060.txt	0
train_0061.txt	0
train_0062.txt	0
train_0063.txt	0
train_0064.txt	0
train_0065.txt	0
train_0066.txt	1
train_0067.txt	0
train_0068.txt	0
train_0069.txt	1
train_0070.txt	1
train_0071.txt	0
train_0072.txt	1
train_0073.txt	1
train_0074.txt	0
train_0075.txt	0
train_0076.txt	1
train_0077.txt	1
train_0078.txt	0
train_0079.txt	0
train_0080.txt	0
train_0081.txt	0
train_0082.txt	1
train_0083.txt	0
train_0084.txt	1
train_0085.txt	0
train_0086.txt	0
train_0087.txt	1
train_0088.txt	0
train_0089.txt	0
train_0090.txt	0
train_0091.txt	1
train_0092.txt	0
train_0093.txt	1
train_0094.txt	0
train_0095.txt	0
train_0096.txt	0
train_0097.txt	1
train_0098.txt	1
train_0099.txt	1
train_0100.txt	0
train_0101.txt	0
train_0102.txt	0
train_0103.txt	1
train_0104.txt	1
train_0105.txt	1
train_0106.txt	0
train_0107.txt	0
train_0108.txt	0
train_0109.txt	0
train_0110.txt	0
train_0111.txt	0
train_0112.txt	0
train_0113.txt	0
train_0114.txt	1
train_0115.txt	0
train_0116.txt	1
train_0117.txt	0
train_0118.txt	0
train_0119.txt	1
train_0120.txt	0
train_0121.txt	0
train_0122.txt	1
train_0123.txt	1
train_0124.txt	0
train_0125.txt	0
train_0126.txt	0
train_0127.txt	0
train_0128.txt	0
train_0129.txt	1
train_0130.txt	0
train_0131.txt	0
train_0132.txt	0
train_0133.txt	0
train_0134.txt	0
train_0135.txt	0
train_0136.txt	0
train_0137.txt	0
train_0138.txt	1
train_0139.txt	0
train_0140.txt	1
train_0141.txt	0
train_0142.txt	1
train_0143.txt	0
train_0144.txt	0
train_0145.txt	0
train_0146.txt	0
train_0147.txt	1
train_0148.txt	1
train_0149.txt	0
train_0150.txt	0
train_0151.txt	0
train_0152.txt	0
train_0153.txt	0
train_0154.txt	1
train_0155.txt	0
train_0156.txt	0
train_0157.txt	0
train_0158.txt	1
train_0159.txt	0
train_0160.txt	0
train_0161.txt	0
train_0162.txt	0
train_0163.txt	0
train_0164.txt	0
train_0165.txt	0
train_0166.txt	1
train_0167.txt	0
train_0168.txt	0
train_0169.txt	0
train_0170.txt	1
train_0171.txt	1
train_0172.txt	1
train_0173.txt	0
train_0174.txt	0
train_0175.txt	0
train_0176.txt	0
train_0177.txt	0
train_0178.txt	1
train_0179.txt	0
train_0180.txt	0
train_0181.txt	0
train_0182.txt	0
train_0183.txt	0
train_0184.txt	1
train_0185.txt	0
train_0186.txt	0
train_0187.txt	0
train_0188.txt	0
train_0189.txt	0
train_0190.txt	0
train_0191.txt	0
train_0192.txt	0
train_0193.txt	0
train_0194.txt	0
train_0195.txt	0
train_0196.txt	0
train_0197.txt	0
train_0198.txt	0
train_0199.txt	0
train_0200.txt	0
train_0201.txt	1
train_0202.txt	0
train_0203.txt	0
train_0204.txt	0
train_0205.txt	1
train_0206.txt	0
train_0207.txt	1
train_0208.txt	0
train_0209.txt	0
train_0210.txt	1
train_0211.txt	0
train_0212.txt	0
train_0213.txt	1
train_0214.txt	0
train_0215.txt	0
train_0216.txt	0
train_0217.txt	1
train_0218.txt	0
train_0219.txt	0
train_0220.txt	1
train_0221.txt	0
train_0222.txt	0
train_0223.txt	0
train_0224.txt	0
train_0225.txt	0
train_0226.txt	1
train_0227.txt	1
train_0228.txt	1
train_0229.txt	0
train_0230.txt	0
train_0231.txt	0
train_0232.txt	0
train_0233.txt	1
train_0234.txt	0
train_0235.txt	1
train_0236.txt	0
train_0237.txt	0
train_0238.txt	0
train_0239.txt	1
train_0240.txt	0
train_0241.txt	0
train_0242.txt	0
train_0243.txt	0
train_0244.txt	0
train_0245.txt	1
train_0246.txt	1
train_0247.txt	0
train_0248.txt	0
train_0249.txt	1
train_0250.txt	0
train_0251.txt	0
train_0252.txt	0
train_0253.txt	0
train_0254.txt	1
train_0255.txt	0
train_0256.txt	0
train_0257.txt	0
train_0258.txt	0
train_0259.txt	0
train_0260.txt	0
train_0261.txt	1
train_0262.txt	0
train_0263.txt	0
train_0264.txt	0
train_0265.txt	0
train_0266.txt	1
train_0267.txt	0
train_0268.txt	1
train_0269.txt	0
train_0270.txt	0
train_0271.txt	1
train_0272.txt	0
train_0273.txt	0
train_0274.txt	1
train_0275.txt	0
train_0276.txt	0
train_0277.txt	0
train_0278.txt	0
train_0279.txt	0
train_0280.txt	1
train_0281.txt	0
train_0282.txt	0
train_0283.txt	0
train_0284.txt	0
train_0285.txt	0
train_0286.txt	1
train_0287.txt	0
train_0288.txt	0
train_0289.txt	0
train_0290.txt	1
train_0291.txt	0
train_0292.txt	0
train_0293.txt	0
train_0294.txt	0
train_0295.txt	1
train_0296.txt	0
train_0297.txt	1
train_0298.txt	1
train_0299.txt	0
train_0300.txt	0
train_0301.txt	0
train_0302.txt	0
train_0303.txt	1
train_0304.txt	0
train_0305.txt	0
train_0306.txt	0
train_0307.txt	1
train_0308.txt	0
train_0309.txt	0
train_0310.txt	0
train_0311.txt	1
train_0312.txt	0
train_0313.txt	0
train_0314.txt	0
train_0315.txt	0
train_0316.txt	0
train_0317.txt	0
train_0318.txt	0
train_0319.txt	0
train_0320.txt	0
train_0321.txt	1
train_0322.txt	1
train_0323.txt	1
train_0324.txt	0
train_0325.txt	0
train_0326.txt	1
train_0327.txt	1
train_0328.txt	1
train_0329.txt	1
train_0330.txt	0
train_0331.txt	0
train_0332.txt	0
train_0333.txt	0
train_0334.txt	0
train_0335.txt	0
train_0336.txt	1
train_0337.txt	0
train_0338.txt	1
train_0339.txt	0
train_0340.txt	0
train_0341.txt	0
train_0342.txt	0
train_0343.txt	1
train_0344.txt	1
train_0345.txt	0
train_0346.txt	1
train_0347.txt	1
train_0348.txt	0
train_0349.txt	0
train_0350.txt	0
train_0351.txt	0
train_0352.txt	0
train_0353.txt	0
train_0354.txt	0
train_0355.txt	0
train_0356.txt	0
train_0357.txt	1
train_0358.txt	0
train_0359.txt	1
train_0360.txt	0
train_0361.txt	1
train_0362.txt	0
train_0363.txt	0
train_0364.txt	1
train_0365.txt	0
train_0366.txt	1
train_0367.txt	0
train_0368.txt	0
train_0369.txt	0
train_0370.txt	1
train_0371.txt	0
train_0372.txt	1
train_0373.txt	1
train_0374.txt	0
train_0375.txt	0
train_0376.txt	1
train_0377.txt	0
train_0378.txt	0
train_0379.txt	0
train_0380.txt	0
train_0381.txt	0
train_0382.txt	0
train_0383.txt	0
train_0384.txt	1
train_0385.txt	0
train_0386.txt	0
train_0387.txt	0
train_0388.txt	0
train_0389.txt	0
train_0390.txt	0
train_0391.txt	0
train_0392.txt	0
train_0393.txt	1
train_0394.txt	0
train_0395.txt	1
train_0396.txt	0
train_0397.txt	0
train_0398.txt	0
train_0399.txt	0
train_0400.txt	1
train_0401.txt	0
train_0402.txt	0
train_0403.txt	0
train_0404.txt	0
train_0405.txt	1
train_0406.txt	0
train_0407.txt	0
train_0408.txt	0
train_0409.txt	1
train_0410.txt	0
train_0411.txt	1
train_0412.txt	0
train_0413.txt	1
train_0414.txt	0
train_0415.txt	1
train_0416.txt	0
train_0417.txt	1
train_0418.txt	0
train_0419.txt	1
train_0420.txt	0
train_0421.txt	0
train_0422.txt	0
train_0423.txt	0
train_0424.txt	0
train_0425.txt	0
train_0426.txt	1
train_0427.txt	0
train_0428.txt	1
train_0429.txt	0
train_0430.txt	0
train_0431.txt	0
train_0432.txt	0
train_0433.txt	0
train_0434.txt	0
train_0435.txt	0
train_0436.txt	0
train_0437.txt	1
train_0438.txt	0
train_0439.txt	0
train_0440.txt	0
train_0441.txt	1
train_0442.txt	0
train_0443.txt	0
train_0444.txt	1
train_0445.txt	0
train_0446.txt	0
train_0447.txt	1
train_0448.txt	0
train_0449.txt	0
train_0450.txt	0
train_0451.txt	0
train_0452.txt	0
train_0453.txt	1
train_0454.txt	0
train_0455.txt	1
train_0456.txt	1
train_0457.txt	1
train_0458.txt	0
train_0459.txt	1
train_0460.txt	0
train_0461.txt	0
train_0462.txt	0
train_0463.txt	0
train_0464.txt	0
train_0465.txt	0
train_0466.txt	0
train_0467.txt	0
train_0468.txt	0
train_0469.txt	1
train_0470.txt	1
train_0471.txt	1
train_0472.txt	1
train_0473.txt	1
train_0474.txt	0
train_0475.txt	0
train_0476.txt	0
train_0477.txt	0
train_0478.txt	0
train_0479.txt	1
train_0480.txt	0
train_0481.txt	0
train_0482.txt	0
train_0483.txt	0
train_0484.txt	0
train_0485.txt	0
train_0486.txt	0
train_0487.txt	0
train_0488.txt	0
train_0489.txt	1
train_0490.txt	0
train_0491.txt	0
train_0492.txt	0
train_0493.txt	0
train_0494.txt	0
train_0495.txt	1
train_0496.txt	1
train_0497.txt	0
train_0498.txt	0
train_0499.txt	0
train_0500.txt	0
train_0501.txt	0
train_0502.txt	0
train_0503.txt	0
train_0504.txt	1
train_0505.txt	0
train_0506.txt	0
train_0507.txt	0
train_0508.txt	0
train_0509.txt	1
train_0510.txt	1
train_0511.txt	0
train_0512.txt	0
train_0513.txt	0
train_0514.txt	0
train_0515.txt	0
train_0516.txt	1
train_0517.txt	0
train_0518.txt	0
train_0519.txt	0
train_0520.txt	0
train_0521.txt	0
train_0522.txt	1
train_0523.txt	1
train_0524.txt	0
train_0525.txt	0
train_0526.txt	0
train_0527.txt	0
train_0528.txt	0
train_0529.txt	0
train_0530.txt	0
train_0531.txt	1
train_0532.txt	1
train_0533.txt	0
train_0534.txt	0
train_0535.txt	1
train_0536.txt	1
train_0537.txt	0
train_0538.txt	0
train_0539.txt	0
train_0540.txt	0
train_0541.txt	1
train_0542.txt	1
train_0543.txt	1
train_0544.txt	0
train_0545.txt	0
train_0546.txt	1
train_0547.txt	0
train_0548.txt	0
train_0549.txt	0
train_0550.txt	0
train_0551.txt	1
train_0552.txt	1
train_0553.txt	1
train_0554.txt	1
train_0555.txt	0
train_0556.txt	1
train_0557.txt	0
train_0558.txt	1
train_0559.txt	0
train_0560.txt	0
train_0561.txt	0
train_0562.txt	0
train_0563.txt	0
train_0564.txt	0
train_0565.txt	1
train_0566.txt	0
train_0567.txt	0
train_0568.txt	0
train_0569.txt	0
train_0570.txt	0
train_0571.txt	0
train_0572.txt	0
train_0573.txt	1
train_0574.txt	0
train_0575.txt	0
train_0576.txt	0
train_0577.txt	1
train_0578.txt	0
train_0579.txt	0
train_0580.txt	0
train_0581.txt	1
train_0582.txt	1
train_0583.txt	1
train_0584.txt	0
train_0585.txt	1
train_0586.txt	0
train_0587.txt	0
train_0588.txt	0
train_0589.txt	0
train_0590.txt	1
train_0591.txt	0
train_0592.txt	0
train_0593.txt	0
train_0594.txt	0
train_0595.txt	0
train_0596.txt	0
train_0597.txt	1
train_0598.txt	1
train_0599.txt	0
train_0600.txt	1
train_0601.txt	0
train_0602.txt	1
train_0603.txt	1
train_0604.txt	0
train_0605.txt	0
train_0606.txt	1
train_0607.txt	1
train_0608.txt	0
train_0609.txt	0
train_0610.txt	1
train_0611.txt	0
train_0612.txt	0
train_0613.txt	0
train_0614.txt	0
train_0615.txt	1
train_0616.txt	0
train_0617.txt	1
train_0618.txt	0
train_0619.txt	0
train_0620.txt	0
train_0621.txt	0
train_0622.txt	0
train_0623.txt	0
train_0624.txt	0
train_0625.txt	0
train_0626.txt	0
train_0627.txt	0
train_0628.txt	0
train_0629.txt	1
train_0630.txt	0
train_0631.txt	1
train_0632.txt	0
train_0633.txt	0
train_0634.txt	1
train_0635.txt	0
train_0636.txt	0
train_0637.txt	0
train_0638.txt	0
train_0639.txt	0
train_0640.txt	0
train_0641.txt	0
train_0642.txt	0
train_0643.txt	0
train_0644.txt	1
train_0645.txt	0
train_0646.txt	0
train_0647.txt	0
train_0648.txt	0
train_0649.txt	0
train_0650.txt	1
train_0651.txt	0
train_0652.txt	0
train_0653.txt	0
train_0654.txt	0
train_0655.txt	0
train_0656.txt	0
train_0657.txt	0
train_0658.txt	0
train_0659.txt	0
train_0660.txt	1
train_0661.txt	0
train_0662.txt	0
train_0663.txt	0
train_0664.txt	0
train_0665.txt	0
train_0666.txt	0
train_0667.txt	0
train_0668.txt	1
train_0669.txt	0
train_0670.txt	0
train_0671.txt	0
train_0672.txt	0
train_0673.txt	0
train_0674.txt	0
train_0675.txt	0
train_0676.txt	0
train_0677.txt	0
train_0678.txt	0
train_0679.txt	0
train_0680.txt	0
train_0681.txt	0
train_0682.txt	0
train_0683.txt	0
train_0684.txt	0
train_0685.txt	0
train_0686.txt	1
train_0687.txt	1
train_0688.txt	0
train_0689.txt	0
train_0690.txt	0
train_0691.txt	1
train_0692.txt	1
train_0693.txt	1
train_0694.txt	1
train_0695.txt	0
train_0696.txt	1
train_0697.txt	0
train_0698.txt	1
train_0699.txt	0
train_0700.txt	0
train_0701.txt	0
train_0702.txt	0
train_0703.txt	1
train_0704.txt	1
train_0705.txt	1
train_0706.txt	0
train_0707.txt	0
train_0708.txt	0
train_0709.txt	1
train_0710.txt	1
train_0711.txt	0
train_0712.txt	0
train_0713.txt	1
train_0714.txt	0
train_0715.txt	1
train_0716.txt	1
train_0717.txt	0
train_0718.txt	1
train_0719.txt	1
train_0720.txt	1
train_0721.txt	0
train_0722.txt	0
train_0723.txt	0
train_0724.txt	0
train_0725.txt	0
train_0726.txt	0
train_0727.txt	1
train_0728.txt	0
train_0729.txt	0
train_0730.txt	1
train_0731.txt	1
train_0732.txt	0
train_0733.txt	1
train_0734.txt	1
train_0735.txt	0
train_0736.txt	1
train_0737.txt	0
train_0738.txt	0
train_0739.txt	0
train_0740.txt	0
train_0741.txt	0
train_0742.txt	0
train_0743.txt	0
train_0744.txt	1
train_0745.txt	0
train_0746.txt	0
train_0747.txt	0
train_0748.txt	0
train_0749.txt	1
train_0750.txt	1
train_0751.txt	0
train_0752.txt	0
train_0753.txt	0
train_0754.txt	1
train_0755.txt	0
train_0756.txt	0
train_0757.txt	0
train_0758.txt	0
train_0759.txt	1
train_0760.txt	0
train_0761.txt	0
train_0762.txt	1
train_0763.txt	0
train_0764.txt	1
train_0765.txt	0
train_0766.txt	0
train_0767.txt	1
train_0768.txt	1
train_0769.txt	1
train_0770.txt	0
train_0771.txt	0
train_0772.txt	1
train_0773.txt	1
train_0774.txt	0
train_0775.txt	0
train_0776.txt	0
train_0777.txt	1
train_0778.txt	0
train_0779.txt	0
train_0780.txt	0
train_0781.txt	1
train_0782.txt	0
train_0783.txt	0
train_0784.txt	0
train_0785.txt	0
train_0786.txt	0
train_0787.txt	1
train_0788.txt	1
train_0789.txt	0
train_0790.txt	1
train_0791.txt	1
train_0792.txt	0
train_0793.txt	0
train_0794.txt	0
train_0795.txt	0
train_0796.txt	0
train_0797.txt	1
train_0798.txt	0
train_0799.txt	0
train_0800.txt	1
train_0801.txt	0
train_0802.txt	0
train_0803.txt	0
train_0804.txt	0
train_0805.txt	1
train_0806.txt	0
train_0807.txt	1
train_0808.txt	1
train_0809.txt	1
train_0810.txt	1
train_0811.txt	1
train_0812.txt	0
train_0813.txt	0
train_0814.txt	0
train_0815.txt	0
train_0816.txt	0
train_0817.txt	1
train_0818.txt	1
train_0819.txt	0
train_0820.txt	0
train_0821.txt	0
train_0822.txt	1
train_0823.txt	0
train_0824.txt	0
train_0825.txt	0
train_0826.txt	1
train_0827.txt	0
train_0828.txt	0
train_0829.txt	0
train_0830.txt	0
train_0831.txt	0
train_0832.txt	0
train_0833.txt	1
train_0834.txt	0
train_0835.txt	1
train_0836.txt	1
train_0837.txt	0
train_0838.txt	0
train_0839.txt	0
train_0840.txt	1
train_0841.txt	0
train_0842.txt	0
train_0843.txt	0
train_0844.txt	0
train_0845.txt	0
train_0846.txt	0
train_0847.txt	0
train_0848.txt	1
train_0849.txt	0
train_0850.txt	0
train_0851.txt	0
train_0852.txt	0
train_0853.txt	0
train_0854.txt	0
train_0855.txt	1
train_0856.txt	0
train_0857.txt	0
train_0858.txt	0
train_0859.txt	0
train_0860.txt	0
train_0861.txt	1
train_0862.txt	0
train_0863.txt	0
train_0864.txt	0
train_0865.txt	0
train_0866.txt	0
train_0867.txt	0
train_0868.txt	0
train_0869.txt	0
train_0870.txt	1
train_0871.txt	0
train_0872.txt	0
train_0873.txt	0
train_0874.txt	1
train_0875.txt	1
train_0876.txt	0
train_0877.txt	0
train_0878.txt	0
train_0879.txt	0
train_0880.txt	0
train_0881.txt	0
train_0882.txt	0
train_0883.txt	0
train_0884.txt	0
train_0885.txt	0
train_0886.txt	0
train_0887.txt	0
train_0888.txt	0
train_0889.txt	1
train_0890.txt	1
train_0891.txt	1
train_0892.txt	0
train_0893.txt	0
train_0894.txt	1
train_0895.txt	0
train_0896.txt	0
train_0897.txt	1
train_0898.txt	1
train_0899.txt	1
train_0900.txt	0
train_0901.txt	1
train_0902.txt	0
train_0903.txt	0
train_0904.txt	0
train_0905.txt	0
train_0906.txt	0
train_0907.txt	1
train_0908.txt	1
train_0909.txt	0
train_0910.txt	0
train_0911.txt	1
train_0912.txt	0
train_0913.txt	1
train_0914.txt	0
train_0915.txt	0
train_0916.txt	0
train_0917.txt	0
train_0918.txt	0
train_0919.txt	0
train_0920.txt	0
train_0921.txt	0
train_0922.txt	0
train_0923.txt	0
train_0924.txt	0
train_0925.txt	0
train_0926.txt	1
train_0927.txt	1
train_0928.txt	0
train_0929.txt	0
train_0930.txt	1
train_0931.txt	1
train_0932.txt	0
train_0933.txt	1
train_0934.txt	0
train_0935.txt	0
train_0936.txt	1
train_0937.txt	0
train_0938.txt	1
train_0939.txt	0
train_0940.txt	0
train_0941.txt	0
train_0942.txt	1
train_0943.txt	0
train_0944.txt	0
train_0945.txt	1
train_0946.txt	0
train_0947.txt	0
train_0948.txt	0
train_0949.txt	0
train_0950.txt	1
train_0951.txt	0
train_0952.txt	1
train_0953.txt	0
train_0954.txt	0
train_0955.txt	1
train_0956.txt	0
train_0957.txt	1
train_0958.txt	0
train_0959.txt	0
train_0960.txt	1
train_0961.txt	0
train_0962.txt	0
train_0963.txt	0
train_0964.txt	0
train_0965.txt	0
train_0966.txt	0
train_0967.txt	0
train_0968.txt	0
train_0969.txt	0
train_0970.txt	1
train_0971.txt	0
train_0972.txt	0
train_0973.txt	0
train_0974.txt	0
train_0975.txt	0
train_0976.txt	0
train_0977.txt	1
train_0978.txt	0
train_0979.txt	1
train_0980.txt	0
train_0981.txt	0
train_0982.txt	0
train_0983.txt	0
train_0984.txt	0
train_0985.txt	0
train_0986.txt	1
train_0987.txt	0
train_0988.txt	0
train_0989.txt	0
train_0990.txt	0
train_0991.txt	0
train_0992.txt	0
train_0993.txt	1
train_0994.txt	0
train_0995.txt	0
train_0996.txt	0
train_0997.txt	0
train_0998.txt	0
train_0999.txt	0
train_1000.txt	0
train_1001.txt	0
train_1002.txt	0
train_1003.txt	1
train_1004.txt	0
train_1005.txt	0
train_1006.txt	1
train_1007.txt	1
train_1008.txt	1
train_1009.txt	1
train_1010.txt	0
train_1011.txt	0
train_1012.txt	1
train_1013.txt	0
train_1014.txt	0
train_1015.txt	1
train_1016.txt	0
train_1017.txt	0
train_1018.txt	1
train_1019.txt	1
train_1020.txt	0
train_1021.txt	1
train_1022.txt	0
train_1023.txt	0
train_1024.txt	0
train_1025.txt	1
train_1026.txt	0
train_1027.txt	0
train_1028.txt	0
train_1029.txt	1
train_1030.txt	0
train_1031.txt	1
train_1032.txt	1
train_1033.txt	0
train_1034.txt	0
train_1035.txt	1
train_1036.txt	0
train_1037.txt	0
train_1038.txt	1
train_1039.txt	0
train_1040.txt	0
train_1041.txt	0
train_1042.txt	0
train_1043.txt	1
train_1044.txt	0
train_1045.txt	0
train_1046.txt	1
train_1047.txt	0
train_1048.txt	0
train_1049.txt	0
train_1050.txt	0
train_1051.txt	0
train_1052.txt	0
train_1053.txt	0
train_1054.txt	0
train_1055.txt	0
train_1056.txt	1
train_1057.txt	0
train_1058.txt	0
train_1059.txt	1
train_1060.txt	0
train_1061.txt	0
train_1062.txt	1
train_1063.txt	0
train_1064.txt	0
train_1065.txt	1
train_1066.txt	1
train_1067.txt	0
train_1068.txt	1
train_1069.txt	0
train_1070.txt	0
train_1071.txt	0
train_1072.txt	0
train_1073.txt	0
train_1074.txt	0
train_1075.txt	0
train_1076.txt	0
train_1077.txt	1
train_1078.txt	0
train_1079.txt	0
train_1080.txt	0
train_1081.txt	0
train_1082.txt	0
train_1083.txt	0
train_1084.txt	0
train_1085.txt	1
train_1086.txt	1
train_1087.txt	1
train_1088.txt	0
train_1089.txt	0
train_1090.txt	1
train_1091.txt	0
train_1092.txt	1
train_1093.txt	0
train_1094.txt	1
train_1095.txt	1
train_1096.txt	0
train_1097.txt	0
train_1098.txt	0
train_1099.txt	0
train_1100.txt	1
train_1101.txt	0
train_1102.txt	0
train_1103.txt	0
train_1104.txt	0
train_1105.txt	1
train_1106.txt	0
train_1107.txt	0
train_1108.txt	1
train_1109.txt	0
train_1110.txt	0
train_1111.txt	0
train_1112.txt	1
train_1113.txt	1
train_1114.txt	1
train_1115.txt	1
train_1116.txt	0
train_1117.txt	0
train_1118.txt	0
train_1119.txt	0
train_1120.txt	0
train_1121.txt	0
train_1122.txt	0
train_1123.txt	0
train_1124.txt	0
train_1125.txt	0
train_1126.txt	0
train_1127.txt	0
train_1128.txt	0
train_1129.txt	0
train_1130.txt	0
train_1131.txt	0
train_1132.txt	0
train_1133.txt	0
train_1134.txt	0
train_1135.txt	1
train_1136.txt	0
train_1137.txt	0
train_1138.txt	1
train_1139.txt	1
train_1140.txt	0
train_1141.txt	0
train_1142.txt	1
train_1143.txt	0
train_1144.txt	0
train_1145.txt	0
train_1146.txt	0
train_1147.txt	0
train_1148.txt	0
train_1149.txt	1
train_1150.txt	0
train_1151.txt	0
train_1152.txt	0
train_1153.txt	0
train_1154.txt	0
train_1155.txt	0
train_1156.txt	1
train_1157.txt	0
train_1158.txt	0
train_1159.txt	0
train_1160.txt	0
train_1161.txt	0
train_1162.txt	1
train_1163.txt	0
train_1164.txt	0
train_1165.txt	0
train_1166.txt	0
train_1167.txt	1
train_1168.txt	0
train_1169.txt	1
train_1170.txt	0
train_1171.txt	0
train_1172.txt	0
train_1173.txt	0
train_1174.txt	0
train_1175.txt	0
train_1176.txt	0
train_1177.txt	0
train_1178.txt	1
train_1179.txt	0
train_1180.txt	0
train_1181.txt	1
train_1182.txt	0
train_1183.txt	1
train_1184.txt	0
train_1185.txt	0
train_1186.txt	1
train_1187.txt	0
train_1188.txt	0
train_1189.txt	0
train_1190.txt	1
train_1191.txt	0
train_1192.txt	0
train_1193.txt	0
train_1194.txt	0
train_1195.txt	1
train_1196.txt	0
train_1197.txt	0
train_1198.txt	1
train_1199.txt	0
train_1200.txt	1
train_1201.txt	0
train_1202.txt	0
train_1203.txt	0
train_1204.txt	0
train_1205.txt	1
train_1206.txt	1
train_1207.txt	0
train_1208.txt	1
train_1209.txt	0
train_1210.txt	0
train_1211.txt	0
train_1212.txt	1
train_1213.txt	0
train_1214.txt	1
train_1215.txt	0
train_1216.txt	1
train_1217.txt	0
train_1218.txt	0
train_1219.txt	1
train_1220.txt	0
train_1221.txt	0
train_1222.txt	0
train_1223.txt	0
train_1224.txt	0
train_1225.txt	0
train_1226.txt	1
train_1227.txt	1
train_1228.txt	0
train_1229.txt	0
train_1230.txt	0
train_1231.txt	0
train_1232.txt	0
train_1233.txt	0
train_1234.txt	1
train_1235.txt	1
train_1236.txt	0
train_1237.txt	0
train_1238.txt	0
train_1239.txt	1
train_1240.txt	1
train_1241.txt	1
train_1242.txt	1
train_1243.txt	1
train_1244.txt	0
train_1245.txt	0
train_1246.txt	0
train_1247.txt	0
train_1248.txt	0
train_1249.txt	0
train_1250.txt	0
train_1251.txt	1
train_1252.txt	0
train_1253.txt	0
train_1254.txt	0
train_1255.txt	1
train_1256.txt	1
train_1257.txt	1
train_1258.txt	1
train_1259.txt	1
train_1260.txt	1
train_1261.txt	1
train_1262.txt	0
train_1263.txt	0
train_1264.txt	0
train_1265.txt	1
train_1266.txt	0
train_1267.txt	0
train_1268.txt	0
train_1269.txt	1
train_1270.txt	0
train_1271.txt	0
train_1272.txt	0
train_1273.txt	0
train_1274.txt	1
train_1275.txt	1
train_1276.txt	0
train_1277.txt	0
train_1278.txt	0
train_1279.txt	1
train_1280.txt	0
train_1281.txt	0
train_1282.txt	0
train_1283.txt	0
train_1284.txt	0
train_1285.txt	1
train_1286.txt	0
train_1287.txt	0
train_1288.txt	0
train_1289.txt	1
train_1290.txt	1
train_1291.txt	0
train_1292.txt	1
train_1293.txt	0
train_1294.txt	0
train_1295.txt	0
train_1296.txt	1
train_1297.txt	0
train_1298.txt	1
train_1299.txt	1
train_1300.txt	0
train_1301.txt	1
train_1302.txt	0
train_1303.txt	0
train_1304.txt	0
train_1305.txt	1
train_1306.txt	0
train_1307.txt	0
train_1308.txt	1
train_1309.txt	0
train_1310.txt	1
train_1311.txt	0
train_1312.txt	0
train_1313.txt	0
train_1314.txt	0
train_1315.txt	1
train_1316.txt	0
train_1317.txt	1
train_1318.txt	0
train_1319.txt	1
train_1320.txt	1
train_1321.txt	1
train_1322.txt	0
train_1323.txt	0
train_1324.txt	0
train_1325.txt	0
train_1326.txt	0
train_1327.txt	0
train_1328.txt	1
train_1329.txt	0
train_1330.txt	0
train_1331.txt	0
train_1332.txt	0
train_1333.txt	0
train_1334.txt	0
train_1335.txt	0
train_1336.txt	1
train_1337.txt	0
train_1338.txt	0
train_1339.txt	0
train_1340.txt	0
train_1341.txt	0
train_1342.txt	0
train_1343.txt	0
train_1344.txt	0
train_1345.txt	0
train_1346.txt	0
train_1347.txt	0
train_1348.txt	1
train_1349.txt	0
train_1350.txt	1
train_1351.txt	0
train_1352.txt	0
train_1353.txt	1
train_1354.txt	0
train_1355.txt	1
train_1356.txt	0
train_1357.txt	1
train_1358.txt	0
train_1359.txt	0
train_1360.txt	1
train_1361.txt	0
train_1362.txt	0
train_1363.txt	1
train_1364.txt	1
train_1365.txt	0
train_1366.txt	0
train_1367.txt	0
train_1368.txt	0
train_1369.txt	0
train_1370.txt	1
train_1371.txt	1
train_1372.txt	0
train_1373.txt	0
train_1374.txt	0
train_1375.txt	1
train_1376.txt	1
train_1377.txt	0
train_1378.txt	0
train_1379.txt	1
train_1380.txt	0
train_1381.txt	0
train_1382.txt	1
train_1383.txt	0
train_1384.txt	0
train_1385.txt	0
train_1386.txt	0
train_1387.txt	0
train_1388.txt	0
train_1389.txt	1
train_1390.txt	0
train_1391.txt	0
train_1392.txt	0
train_1393.txt	0
train_1394.txt	0
train_1395.txt	1
train_1396.txt	0
train_1397.txt	0
train_1398.txt	1
train_1399.txt	0
train_1400.txt	0
train_1401.txt	0
train_1402.txt	0
train_1403.txt	0
train_1404.txt	1
train_1405.txt	1
train_1406.txt	0
train_1407.txt	1
train_1408.txt	0
train_1409.txt	1
train_1410.txt	1
train_1411.txt	0
train_1412.txt	1
train_1413.txt	0
train_1414.txt	0
train_1415.txt	1
train_1416.txt	0
train_1417.txt	0
train_1418.txt	0
train_1419.txt	0
train_1420.txt	0
train_1421.txt	1
train_1422.txt	0
train_1423.txt	0
train_1424.txt	1
train_1425.txt	0
train_1426.txt	1
train_1427.txt	1
train_1428.txt	1
train_1429.txt	0
train_1430.txt	1
train_1431.txt	0
train_1432.txt	0
train_1433.txt	0
train_1434.txt	0
train_1435.txt	0
train_1436.txt	0
train_1437.txt	0
train_1438.txt	0
train_1439.txt	0
train_1440.txt	0
train_1441.txt	0
train_1442.txt	1
train_1443.txt	0
train_1444.txt	1
train_1445.txt	0
train_1446.txt	0
train_1447.txt	0
train_1448.txt	0
train_1449.txt	0
train_1450.txt	0
train_1451.txt	1
train_1452.txt	0
train_1453.txt	0
train_1454.txt	0
train_1455.txt	0
train_1456.txt	0
train_1457.txt	0
train_1458.txt	0
train_1459.txt	0
train_1460.txt	1
train_1461.txt	1
train_1462.txt	1
train_1463.txt	1
train_1464.txt	0
train_1465.txt	0
train_1466.txt	0
train_1467.txt	1
train_1468.txt	0
train_1469.txt	0
train_1470.txt	1
train_1471.txt	0
train_1472.txt	0
train_1473.txt	0
train_1474.txt	1
train_1475.txt	0
train_1476.txt	0
train_1477.txt	0
train_1478.txt	0
train_1479.txt	0
train_1480.txt	0
train_1481.txt	0
train_1482.txt	1
train_1483.txt	1
train_1484.txt	0
train_1485.txt	0
train_1486.txt	0
train_1487.txt	0
train_1488.txt	1
train_1489.txt	0
train_1490.txt	0
train_1491.txt	0
train_1492.txt	0
train_1493.txt	0
train_1494.txt	0
train_1495.txt	0
train_1496.txt	0
train_1497.txt	0
train_1498.txt	0
train_1499.txt	0
train_1500.txt	0
train_1501.txt	0
train_1502.txt	0
train_1503.txt	0
train_1504.txt	0
train_1505.txt	1
train_1506.txt	0
train_1507.txt	0
train_1508.txt	0
train_1509.txt	0
train_1510.txt	1
train_1511.txt	1
train_1512.txt	0
train_1513.txt	0
train_1514.txt	1
train_1515.txt	0
train_1516.txt	0
train_1517.txt	0
train_1518.txt	1
train_1519.txt	0
train_1520.txt	0
train_1521.txt	0
train_1522.txt	1
train_1523.txt	0
train_1524.txt	1
train_1525.txt	1
train_1526.txt	0
train_1527.txt	0
train_1528.txt	0
train_1529.txt	0
train_1530.txt	1
train_1531.txt	0
train_1532.txt	0
train_1533.txt	1
train_1534.txt	0
train_1535.txt	0
train_1536.txt	1
train_1537.txt	1
train_1538.txt	1
train_1539.txt	0
train_1540.txt	0
train_1541.txt	0
train_1542.txt	0
train_1543.txt	1
train_1544.txt	0
train_1545.txt	1
train_1546.txt	0
train_1547.txt	0
train_1548.txt	0
train_1549.txt	0
train_1550.txt	1
train_1551.txt	1
train_1552.txt	1
train_1553.txt	0
train_1554.txt	0
train_1555.txt	0
train_1556.txt	0
train_1557.txt	0
train_1558.txt	0
train_1559.txt	0
train_1560.txt	1
train_1561.txt	1
train_1562.txt	0
train_1563.txt	1
train_1564.txt	1
train_1565.txt	1
train_1566.txt	0
train_1567.txt	0
train_1568.txt	0
train_1569.txt	0
train_1570.txt	0
train_1571.txt	1
train_1572.txt	1
train_1573.txt	1
train_1574.txt	1
train_1575.txt	0
train_1576.txt	0
train_1577.txt	0
train_1578.txt	1
train_1579.txt	0
train_1580.txt	0
train_1581.txt	0
train_1582.txt	0
train_1583.txt	0
train_1584.txt	0
train_1585.txt	0
train_1586.txt	0
train_1587.txt	0
train_1588.txt	1
train_1589.txt	1
train_1590.txt	0
train_1591.txt	0
train_1592.txt	1
train_1593.txt	0
train_1594.txt	0
train_1595.txt	0
train_1596.txt	0
train_1597.txt	1
train_1598.txt	1
train_1599.txt	0
train_1600.txt	1
train_1601.txt	0
train_1602.txt	0
train_1603.txt	0
train_1604.txt	0
train_1605.txt	0
train_1606.txt	0
train_1607.txt	1
train_1608.txt	0
train_1609.txt	0
train_1610.txt	1
train_1611.txt	0
train_1612.txt	1
train_1613.txt	0
train_1614.txt	0
train_1615.txt	1
train_1616.txt	0
train_1617.txt	1
train_1618.txt	0
train_1619.txt	0
train_1620.txt	0
train_1621.txt	0
train_1622.txt	1
train_1623.txt	1
train_1624.txt	0
train_1625.txt	0
train_1626.txt	0
train_1627.txt	0
train_1628.txt	1
train_1629.txt	0
train_1630.txt	0
train_1631.txt	0
train_1632.txt	1
train_1633.txt	0
train_1634.txt	1
train_1635.txt	0
train_1636.txt	0
train_1637.txt	1
train_1638.txt	0
train_1639.txt	0
train_1640.txt	0
train_1641.txt	0
train_1642.txt	0
train_1643.txt	1
train_1644.txt	0
train_1645.txt	0
train_1646.txt	0
train_1647.txt	0
train_1648.txt	0
train_1649.txt	1
train_1650.txt	0
train_1651.txt	1
train_1652.txt	0
train_1653.txt	0
train_1654.txt	1
train_1655.txt	1
train_1656.txt	1
train_1657.txt	0
train_1658.txt	1
train_1659.txt	0
train_1660.txt	1
train_1661.txt	0
train_1662.txt	0
train_1663.txt	0
train_1664.txt	0
train_1665.txt	1
train_1666.txt	0
train_1667.txt	0
train_1668.txt	1
train_1669.txt	0
train_1670.txt	0
train_1671.txt	1
train_1672.txt	0
train_1673.txt	0
train_1674.txt	0
train_1675.txt	1
train_1676.txt	0
train_1677.txt	0
train_1678.txt	0
train_1679.txt	0
train_1680.txt	0
train_1681.txt	1
train_1682.txt	0
train_1683.txt	0
train_1684.txt	1
train_1685.txt	1
train_1686.txt	0
train_1687.txt	1
train_1688.txt	1
train_1689.txt	1
train_1690.txt	1
train_1691.txt	0
train_1692.txt	1
train_1693.txt	0
train_1694.txt	0
train_1695.txt	0
train_1696.txt	0
train_1697.txt	0
train_1698.txt	0
train_1699.txt	0
train_1700.txt	0
train_1701.txt	0
train_1702.txt	0
train_1703.txt	0
train_1704.txt	0
train_1705.txt	0
train_1706.txt	1
train_1707.txt	0
train_1708.txt	0
train_1709.txt	1
train_1710.txt	1
train_1711.txt	1
train_1712.txt	0
train_1713.txt	0
train_1714.txt	0
train_1715.txt	1
train_1716.txt	0
train_1717.txt	0
train_1718.txt	0
train_1719.txt	1
train_1720.txt	0
train_1721.txt	1
train_1722.txt	0
train_1723.txt	0
train_1724.txt	0
train_1725.txt	0
train_1726.txt	0
train_1727.txt	1
train_1728.txt	1
train_1729.txt	0
train_1730.txt	0
train_1731.txt	1
train_1732.txt	1
train_1733.txt	1
train_1734.txt	0
train_1735.txt	1
train_1736.txt	1
train_1737.txt	0
train_1738.txt	0
train_1739.txt	1
train_1740.txt	0
train_1741.txt	0
train_1742.txt	0
train_1743.txt	0
train_1744.txt	1
train_1745.txt	1
train_1746.txt	1
train_1747.txt	0
train_1748.txt	1
train_1749.txt	0
train_1750.txt	0
train_1751.txt	1
train_1752.txt	0
train_1753.txt	1
train_1754.txt	0
train_1755.txt	0
train_1756.txt	0
train_1757.txt	1
train_1758.txt	1
train_1759.txt	0
train_1760.txt	0
train_1761.txt	0
train_1762.txt	0
train_1763.txt	0
train_1764.txt	0
train_1765.txt	0
train_1766.txt	0
train_1767.txt	0
train_1768.txt	0
train_1769.txt	0
train_1770.txt	0
train_1771.txt	1
train_1772.txt	0
train_1773.txt	0
train_1774.txt	0
train_1775.txt	0
train_1776.txt	1
train_1777.txt	0
train_1778.txt	1
train_1779.txt	0
train_1780.txt	1
train_1781.txt	1
train_1782.txt	0
train_1783.txt	1
train_1784.txt	0
train_1785.txt	0
train_1786.txt	0
train_1787.txt	1
train_1788.txt	0
train_1789.txt	0
train_1790.txt	1
train_1791.txt	1
train_1792.txt	1
train_1793.txt	0
train_1794.txt	0
train_1795.txt	0
train_1796.txt	0
train_1797.txt	0
train_1798.txt	1
train_1799.txt	0
train_1800.txt	1
train_1801.txt	0
train_1802.txt	0
train_1803.txt	0
train_1804.txt	0
train_1805.txt	0
train_1806.txt	0
train_1807.txt	0
train_1808.txt	0
train_1809.txt	0
train_1810.txt	1
train_1811.txt	0
train_1812.txt	0
train_1813.txt	0
train_1814.txt	0
train_1815.txt	0
train_1816.txt	0
train_1817.txt	0
train_1818.txt	0
train_1819.txt	1
train_1820.txt	0
train_1821.txt	0
train_1822.txt	1
train_1823.txt	0
train_1824.txt	1
train_1825.txt	1
train_1826.txt	0
train_1827.txt	0
train_1828.txt	0
train_1829.txt	1
train_1830.txt	0
train_1831.txt	0
train_1832.txt	0
train_1833.txt	0
train_1834.txt	0
train_1835.txt	1
train_1836.txt	1
train_1837.txt	0
train_1838.txt	1
train_1839.txt	0
train_1840.txt	1
train_1841.txt	0
train_1842.txt	0
train_1843.txt	0
train_1844.txt	0
train_1845.txt	0
train_1846.txt	0
train_1847.txt	0
train_1848.txt	0
train_1849.txt	0
train_1850.txt	1
train_1851.txt	0
train_1852.txt	0
train_1853.txt	1
train_1854.txt	0
train_1855.txt	1
train_1856.txt	0
train_1857.txt	1
train_1858.txt	0
train_1859.txt	1
train_1860.txt	0
train_1861.txt	1
train_1862.txt	0
train_1863.txt	0
train_1864.txt	1
train_1865.txt	0
train_1866.txt	1
train_1867.txt	0
train_1868.txt	0
train_1869.txt	0
train_1870.txt	0
train_1871.txt	0
train_1872.txt	0
train_1873.txt	1
train_1874.txt	0
train_1875.txt	1
train_1876.txt	1
train_1877.txt	1
train_1878.txt	0
train_1879.txt	0
train_1880.txt	0
train_1881.txt	0
train_1882.txt	1
train_1883.txt	0
train_1884.txt	0
train_1885.txt	1
train_1886.txt	0
train_1887.txt	0
train_1888.txt	0
train_1889.txt	1
train_1890.txt	0
train_1891.txt	0
train_1892.txt	1
train_1893.txt	0
train_1894.txt	0
train_1895.txt	0
train_1896.txt	0
train_1897.txt	1
train_1898.txt	0
train_1899.txt	0
train_1900.txt	0
train_1901.txt	0
train_1902.txt	0
train_1903.txt	1
train_1904.txt	0
train_1905.txt	1
train_1906.txt	0
train_1907.txt	0
train_1908.txt	1
train_1909.txt	0
train_1910.txt	1
train_1911.txt	0
train_1912.txt	0
train_1913.txt	0
train_1914.txt	0
train_1915.txt	0
train_1916.txt	0
train_1917.txt	0
train_1918.txt	0
train_1919.txt	0
train_1920.txt	1
train_1921.txt	0
train_1922.txt	0
train_1923.txt	0
train_1924.txt	0
train_1925.txt	1
train_1926.txt	0
train_1927.txt	0
train_1928.txt	1
train_1929.txt	0
train_1930.txt	1
train_1931.txt	1
train_1932.txt	1
train_1933.txt	0
train_1934.txt	0
train_1935.txt	1
train_1936.txt	0
train_1937.txt	0
train_1938.txt	0
train_1939.txt	0
train_1940.txt	0
train_1941.txt	0
train_1942.txt	0
train_1943.txt	1
train_1944.txt	0
train_1945.txt	1
train_1946.txt	0
train_1947.txt	0
train_1948.txt	0
train_1949.txt	1
train_1950.txt	0
train_1951.txt	0
train_1952.txt	0
train_1953.txt	0
train_1954.txt	0
train_1955.txt	0
train_1956.txt	0
train_1957.txt	1
train_1958.txt	0
train_1959.txt	0
train_1960.txt	0
train_1961.txt	0
train_1962.txt	0
train_1963.txt	0
train_1964.txt	0
train_1965.txt	0
train_1966.txt	1
train_1967.txt	0
train_1968.txt	0
train_1969.txt	0
train_1970.txt	0
train_1971.txt	1
train_1972.txt	0
train_1973.txt	1
train_1974.txt	0
train_1975.txt	1
train_1976.txt	0
train_1977.txt	1
train_1978.txt	0
train_1979.txt	0
train_1980.txt	0
train_1981.txt	0
train_1982.txt	1
train_1983.txt	1
train_1984.txt	1
train_1985.txt	0
train_1986.txt	0
train_1987.txt	0
train_1988.txt	0
train_1989.txt	0
train_1990.txt	0
train_1991.txt	0
train_1992.txt	1
train_1993.txt	0
train_1994.txt	0
train_1995.txt	1
train_1996.txt	0
train_1997.txt	0
train_1998.txt	0
train_1999.txt	0
train_2000.txt	0
train_2001.txt	1
train_2002.txt	0
train_2003.txt	1
train_2004.txt	0
train_2005.txt	0
train_2006.txt	0
train_2007.txt	1
train_2008.txt	0
train_2009.txt	0
train_2010.txt	0
train_2011.txt	0
train_2012.txt	0
train_2013.txt	1
train_2014.txt	0
train_2015.txt	0
train_2016.txt	0
train_2017.txt	0
train_2018.txt	0
train_2019.txt	1
train_2020.txt	0
train_2021.txt	0
train_2022.txt	1
train_2023.txt	1
train_2024.txt	0
train_2025.txt	0
train_2026.txt	0
train_2027.txt	0
train_2028.txt	1
train_2029.txt	0
train_2030.txt	0
train_2031.txt	0
train_2032.txt	1
train_2033.txt	0
train_2034.txt	0
train_2035.txt	0
train_2036.txt	0
train_2037.txt	1
train_2038.txt	0
train_2039.txt	1
train_2040.txt	0
train_2041.txt	0
train_2042.txt	0
train_2043.txt	0
train_2044.txt	1
train_2045.txt	0
train_2046.txt	0
train_2047.txt	0
train_2048.txt	1
train_2049.txt	1
train_2050.txt	0
train_2051.txt	0
train_2052.txt	0
train_2053.txt	0
train_2054.txt	1
train_2055.txt	0
train_2056.txt	1
train_2057.txt	0
train_2058.txt	1
train_2059.txt	1
train_2060.txt	0
train_2061.txt	1
train_2062.txt	1
train_2063.txt	0
train_2064.txt	0
train_2065.txt	0
train_2066.txt	0
train_2067.txt	1
train_2068.txt	0
train_2069.txt	0
train_2070.txt	0
train_2071.txt	0
train_2072.txt	1
train_2073.txt	0
train_2074.txt	1
train_2075.txt	0
train_2076.txt	0
train_2077.txt	0
train_2078.txt	0
train_2079.txt	0
train_2080.txt	1
train_2081.txt	0
train_2082.txt	0
train_2083.txt	0
train_2084.txt	1
train_2085.txt	0
train_2086.txt	0
train_2087.txt	0
train_2088.txt	0
train_2089.txt	0
train_2090.txt	0
train_2091.txt	1
train_2092.txt	0
train_2093.txt	0
train_2094.txt	0
train_2095.txt	0
train_2096.txt	0
train_2097.txt	0
train_2098.txt	0
train_2099.txt	0
train_2100.txt	0
train_2101.txt	0
train_2102.txt	1
train_2103.txt	0
train_2104.txt	0
train_2105.txt	1
train_2106.txt	0
train_2107.txt	0
train_2108.txt	0
train_2109.txt	1
train_2110.txt	0
train_2111.txt	0
train_2112.txt	1
train_2113.txt	0
train_2114.txt	0
train_2115.txt	0
train_2116.txt	0
train_2117.txt	0
train_2118.txt	1
train_2119.txt	0
train_2120.txt	0
train_2121.txt	0
train_2122.txt	1
train_2123.txt	1
train_2124.txt	1
train_2125.txt	0
train_2126.txt	0
train_2127.txt	0
train_2128.txt	0
train_2129.txt	1
train_2130.txt	0
train_2131.txt	0
train_2132.txt	0
train_2133.txt	0
train_2134.txt	0
train_2135.txt	0
train_2136.txt	1
train_2137.txt	1
train_2138.txt	1
train_2139.txt	1
train_2140.txt	0
train_2141.txt	0
train_2142.txt	1
train_2143.txt	0
train_2144.txt	1
train_2145.txt	0
train_2146.txt	0
train_2147.txt	1
train_2148.txt	0
train_2149.txt	0
train_2150.txt	0
train_2151.txt	0
train_2152.txt	1
train_2153.txt	0
train_2154.txt	0
train_2155.txt	0
train_2156.txt	1
train_2157.txt	1
train_2158.txt	1
train_2159.txt	0
train_2160.txt	0
train_2161.txt	1
train_2162.txt	0
train_2163.txt	0
train_2164.txt	1
train_2165.txt	0
train_2166.txt	0
train_2167.txt	0
train_2168.txt	0
train_2169.txt	1
train_2170.txt	0
train_2171.txt	0
train_2172.txt	0
train_2173.txt	1
train_2174.txt	0
train_2175.txt	1
train_2176.txt	0
train_2177.txt	0
train_2178.txt	0
train_2179.txt	0
train_2180.txt	0
train_2181.txt	0
train_2182.txt	1
train_2183.txt	0
train_2184.txt	0
train_2185.txt	0
train_2186.txt	1
train_2187.txt	0
train_2188.txt	0
train_2189.txt	0
train_2190.txt	0
train_2191.txt	1
train_2192.txt	0
train_2193.txt	0
train_2194.txt	0
train_2195.txt	0
train_2196.txt	1
train_2197.txt	1
train_2198.txt	0
train_2199.txt	0
train_2200.txt	1
train_2201.txt	1
train_2202.txt	0
train_2203.txt	0
train_2204.txt	1
train_2205.txt	1
train_2206.txt	0
train_2207.txt	0
train_2208.txt	0
train_2209.txt	0
train_2210.txt	0
train_2211.txt	1
train_2212.txt	0
train_2213.txt	0
train_2214.txt	0
train_2215.txt	0
train_2216.txt	0
train_2217.txt	0
train_2218.txt	0
train_2219.txt	0
train_2220.txt	0
train_2221.txt	1
train_2222.txt	0
train_2223.txt	0
train_2224.txt	0
train_2225.txt	0
train_2226.txt	0
train_2227.txt	0
train_2228.txt	0
train_2229.txt	1
train_2230.txt	0
train_2231.txt	1
train_2232.txt	0
train_2233.txt	0
train_2234.txt	1
train_2235.txt	0
train_2236.txt	1
train_2237.txt	1
train_2238.txt	1
train_2239.txt	0
train_2240.txt	0
train_2241.txt	0
train_2242.txt	0
train_2243.txt	0
train_2244.txt	1
train_2245.txt	0
train_2246.txt	0
train_2247.txt	0
train_2248.txt	0
train_2249.txt	0
train_2250.txt	0
train_2251.txt	0
train_2252.txt	1
train_2253.txt	0
train_2254.txt	0
train_2255.txt	0
train_2256.txt	0
train_2257.txt	0
train_2258.txt	1
train_2259.txt	1
train_2260.txt	0
train_2261.txt	0
train_2262.txt	1
train_2263.txt	0
train_2264.txt	0
train_2265.txt	1
train_2266.txt	0
train_2267.txt	0
train_2268.txt	0
train_2269.txt	0
train_2270.txt	0
train_2271.txt	0
train_2272.txt	0
train_2273.txt	0
train_2274.txt	0
train_2275.txt	1
train_2276.txt	0
train_2277.txt	0
train_2278.txt	0
train_2279.txt	0
train_2280.txt	0
train_2281.txt	1
train_2282.txt	1
train_2283.txt	0
train_2284.txt	0
train_2285.txt	1
train_2286.txt	1
train_2287.txt	0
train_2288.txt	1
train_2289.txt	0
train_2290.txt	0
train_2291.txt	0
train_2292.txt	0
train_2293.txt	0
train_2294.txt	0
train_2295.txt	1
train_2296.txt	0
train_2297.txt	0
train_2298.txt	0
train_2299.txt	0
train_2300.txt	1
train_2301.txt	0
train_2302.txt	0
train_2303.txt	1
train_2304.txt	0
train_2305.txt	0
train_2306.txt	1
train_2307.txt	0
train_2308.txt	0
train_2309.txt	0
train_2310.txt	0
train_2311.txt	0
train_2312.txt	0
train_2313.txt	0
train_2314.txt	0
train_2315.txt	0
train_2316.txt	0
train_2317.txt	0
train_2318.txt	0
train_2319.txt	0
train_2320.txt	0
train_2321.txt	0
train_2322.txt	0
train_2323.txt	1
train_2324.txt	0
train_2325.txt	0
train_2326.txt	1
train_2327.txt	0
train_2328.txt	0
train_2329.txt	1
train_2330.txt	0
train_2331.txt	0
train_2332.txt	0
train_2333.txt	0
train_2334.txt	1
train_2335.txt	0
train_2336.txt	1
train_2337.txt	0
train_2338.txt	1
train_2339.txt	0
train_2340.txt	0
train_2341.txt	0
train_2342.txt	0
train_2343.txt	0
train_2344.txt	0
train_2345.txt	0
train_2346.txt	0
train_2347.txt	0
train_2348.txt	1
train_2349.txt	0
train_2350.txt	0
train_2351.txt	0
train_2352.txt	1
train_2353.txt	0
train_2354.txt	0
train_2355.txt	0
train_2356.txt	1
train_2357.txt	0
train_2358.txt	1
train_2359.txt	1
train_2360.txt	1
train_2361.txt	0
train_2362.txt	0
train_2363.txt	0
train_2364.txt	1
train_2365.txt	1
train_2366.txt	0
train_2367.txt	0
train_2368.txt	0
train_2369.txt	0
train_2370.txt	1
train_2371.txt	1
train_2372.txt	1
train_2373.txt	0
train_2374.txt	1
train_2375.txt	1
train_2376.txt	0
train_2377.txt	0
train_2378.txt	0
train_2379.txt	0
train_2380.txt	0
train_2381.txt	1
train_2382.txt	0
train_2383.txt	0
train_2384.txt	1
train_2385.txt	0
train_2386.txt	0
train_2387.txt	1
train_2388.txt	0
train_2389.txt	1
train_2390.txt	0
train_2391.txt	0
train_2392.txt	0
train_2393.txt	0
train_2394.txt	1
train_2395.txt	0
train_2396.txt	0
train_2397.txt	0
train_2398.txt	0
train_2399.txt	0
train_2400.txt	0
train_2401.txt	1
train_2402.txt	0
train_2403.txt	0
train_2404.txt	0
train_2405.txt	1
train_2406.txt	0
train_2407.txt	0
train_2408.txt	0
train_2409.txt	0
train_2410.txt	0
train_2411.txt	0
train_2412.txt	0
train_2413.txt	0
train_2414.txt	0
train_2415.txt	0
train_2416.txt	1
train_2417.txt	0
train_2418.txt	1
train_2419.txt	0
train_2420.txt	0
train_2421.txt	1
train_2422.txt	0
train_2423.txt	0
train_2424.txt	1
train_2425.txt	1
train_2426.txt	1
train_2427.txt	0
train_2428.txt	0
train_2429.txt	0
train_2430.txt	0
train_2431.txt	1
train_2432.txt	1
train_2433.txt	0
train_2434.txt	1
train_2435.txt	0
train_2436.txt	0
train_2437.txt	1
train_2438.txt	0
train_2439.txt	1
train_2440.txt	1
train_2441.txt	0
train_2442.txt	0
train_2443.txt	0
train_2444.txt	1
train_2445.txt	0
train_2446.txt	0
train_2447.txt	0
train_2448.txt	0
train_2449.txt	1
train_2450.txt	0
train_2451.txt	0
train_2452.txt	0
train_2453.txt	0
train_2454.txt	0
train_2455.txt	0
train_2456.txt	0
train_2457.txt	1
train_2458.txt	0
train_2459.txt	0
train_2460.txt	0
train_2461.txt	0
train_2462.txt	1
train_2463.txt	0
train_2464.txt	0
train_2465.txt	0
train_2466.txt	1
train_2467.txt	1
train_2468.txt	1
train_2469.txt	0
train_2470.txt	0
train_2471.txt	0
train_2472.txt	0
train_2473.txt	1
train_2474.txt	0
train_2475.txt	0
train_2476.txt	0
train_2477.txt	0
train_2478.txt	1
train_2479.txt	0
train_2480.txt	1
train_2481.txt	1
train_2482.txt	0
train_2483.txt	0
train_2484.txt	1
train_2485.txt	1
train_2486.txt	0
train_2487.txt	0
train_2488.txt	1
train_2489.txt	1
train_2490.txt	0
train_2491.txt	0
train_2492.txt	0
train_2493.txt	1
train_2494.txt	1
train_2495.txt	1
train_2496.txt	0
train_2497.txt	0
train_2498.txt	1
train_2499.txt	0
train_2500.txt	0
train_2501.txt	0
train_2502.txt	0
train_2503.txt	0
train_2504.txt	0
train_2505.txt	1
train_2506.txt	0
train_2507.txt	1
train_2508.txt	0
train_2509.txt	0
train_2510.txt	0
train_2511.txt	0
train_2512.txt	0
train_2513.txt	1
train_2514.txt	0
train_2515.txt	0
train_2516.txt	0
train_2517.txt	1
train_2518.txt	0
train_2519.txt	1
train_2520.txt	0
train_2521.txt	1
train_2522.txt	0
train_2523.txt	1
train_2524.txt	0
train_2525.txt	0
train_2526.txt	0
train_2527.txt	1
train_2528.txt	0
train_2529.txt	0
train_2530.txt	1
train_2531.txt	0
train_2532.txt	0
train_2533.txt	0
train_2534.txt	1
train_2535.txt	0
train_2536.txt	1
train_2537.txt	0
train_2538.txt	0
train_2539.txt	1
train_2540.txt	0
train_2541.txt	1
train_2542.txt	0
train_2543.txt	0
train_2544.txt	1
train_2545.txt	0
train_2546.txt	0
train_2547.txt	0
train_2548.txt	0
train_2549.txt	0
train_2550.txt	0
train_2551.txt	0
train_2552.txt	1
train_2553.txt	0
train_2554.txt	0
train_2555.txt	1
train_2556.txt	1
train_2557.txt	1
train_2558.txt	1
train_2559.txt	0
train_2560.txt	0
train_2561.txt	0
train_2562.txt	0
train_2563.txt	1
train_2564.txt	0
train_2565.txt	0
train_2566.txt	0
train_2567.txt	1
train_2568.txt	0
train_2569.txt	0
train_2570.txt	1
train_2571.txt	1
train_2572.txt	1
train_2573.txt	0
train_2574.txt	0
train_2575.txt	1
train_2576.txt	0
train_2577.txt	0
train_2578.txt	0
train_2579.txt	0
train_2580.txt	1
train_2581.txt	0
train_2582.txt	0
train_2583.txt	0
train_2584.txt	1
train_2585.txt	0
